1,Barrie,Haydon,Pembry,Dearnaly,hdearnaly0@weibo.com,,17/05/2001,,
2,Randolph,Griffy,Saggs,Nolte,gnolte1@google.cn,,30/11/1998,,
3,Gerri,Rinaldo,Tripony,Lippard,rlippard2@opensource.org,,09/03/1981,,
4,Galvin,Scotti,Libby,Morris,smorris3@free.fr,,04/02/1998,,
5,Goddart,Hinze,Berick,Setchfield,hsetchfield4@shinystat.com,,19/01/1989,,
6,Arni,Stacee,Eagling,Brownsea,sbrownsea5@youtu.be,,18/10/1996,,
7,Salem,Dore,Nurny,Bompas,dbompas6@bing.com,,17/09/1992,,
8,Fairleigh,Casper,Hully,Ashcroft,cashcroft7@fc2.com,,22/07/1994,,
9,Dannel,Dorey,Treven,Ponte,dponte8@xing.com,,22/05/1988,,
10,Gunar,Sayres,Physick,Preuvost,spreuvost9@tuttocitta.it,,01/02/1998,,
11,Wilden,Kareem,Boulsher,Downer,kdownera@t.co,,06/04/1984,,
12,Cameron,Reynard,Stolz,Austwick,raustwickb@myspace.com,,07/11/1985,,
13,Ringo,Waylen,Gunn,Quennell,wquennellc@discuz.net,,29/12/1983,,
14,Fidole,Kiel,Devorill,Bothams,kbothamsd@narod.ru,,30/11/1985,,
15,Cassie,Darrell,Hannah,Chetwynd,dchetwynde@slideshare.net,,27/08/1991,,
16,Arthur,Carlyle,Adlem,Coppens,ccoppensf@sphinn.com,,27/07/1985,,
17,Oby,Rip,Pettiford,Diggell,rdiggellg@hp.com,,05/08/1994,,
18,Leroy,Neville,Priver,Craigie,ncraigieh@wisc.edu,,16/03/1993,,
19,Trevor,Currie,Biasioni,D'Avaux,cdavauxi@goodreads.com,,24/09/1997,,
20,Vassily,Darnall,Brayley,Thal,dthalj@ask.com,,19/02/1992,,
